Configuration,Batch Size,CPU-POWER,DRAM-POWER
isolated,10,40.4035,7.40415
sharing,10,44.3362,7.90144
sharing-prio,10,41.9278,7.72278
isolated,20,40.4323,7.40321
sharing,20,44.4417,7.9124
sharing-prio,20,44.3659,7.92375
isolated,40,40.5068,7.40881
sharing,40,44.564,7.95335
sharing-prio,40,41.6402,7.64099
