Configuration,Batch Size,CPU-POWER,DRAM-POWER
isolated,10,47.1217,8.21396
sharing,10,47.5481,8.35612
sharing-prio,10,41.9278,7.72278
isolated,20,47.1167,8.22119
sharing,20,47.5865,8.39439
sharing-prio,20,44.3659,7.92375
isolated,40,47.1606,8.23974
sharing,40,47.6942,8.41706
sharing-prio,40,41.6402,7.64099
